{"chunk_definitions":[{"row":17,"row_count":1,"visible":true,"expansion_state":0,"options":{"engine":"r","label":"unnamed-chunk-1"},"document_id":"D397EB86","chunk_id":"c22unipwtfsqw","chunk_label":"unnamed-chunk-1"},{"row":26,"row_count":1,"visible":true,"expansion_state":0,"options":{"engine":"r","label":"unnamed-chunk-2"},"document_id":"D397EB86","chunk_id":"c6qb2k5m6mdnk","chunk_label":"unnamed-chunk-2"},{"row":33,"row_count":1,"visible":true,"expansion_state":0,"options":{"engine":"r","label":"unnamed-chunk-3"},"document_id":"D397EB86","chunk_id":"c6noa6q8fnf7c","chunk_label":"unnamed-chunk-3"},{"row":40,"row_count":1,"visible":true,"expansion_state":0,"options":{"engine":"r","label":"unnamed-chunk-4"},"document_id":"D397EB86","chunk_id":"c77oq45jrbr15","chunk_label":"unnamed-chunk-4"},{"row":47,"row_count":1,"visible":true,"expansion_state":0,"options":{"engine":"r","label":"unnamed-chunk-5"},"document_id":"D397EB86","chunk_id":"cpsokxmqwyuu6","chunk_label":"unnamed-chunk-5"},{"row":56,"row_count":1,"visible":true,"expansion_state":0,"options":{"engine":"r","label":"unnamed-chunk-6"},"document_id":"D397EB86","chunk_id":"cv8e4w2m81bq0","chunk_label":"unnamed-chunk-6"},{"row":62,"row_count":1,"visible":true,"expansion_state":0,"options":{"engine":"r","label":"unnamed-chunk-7"},"document_id":"D397EB86","chunk_id":"cdx4tkzuiu4co","chunk_label":"unnamed-chunk-7"},{"row":69,"row_count":1,"visible":true,"expansion_state":0,"options":{"engine":"r","label":"unnamed-chunk-8"},"document_id":"D397EB86","chunk_id":"cvjs8ru7jsf7s","chunk_label":"unnamed-chunk-8"},{"row":75,"row_count":1,"visible":true,"expansion_state":0,"options":{"engine":"r","label":"unnamed-chunk-9"},"document_id":"D397EB86","chunk_id":"cp8cb3ehwa1d1","chunk_label":"unnamed-chunk-9"},{"row":88,"row_count":1,"visible":true,"expansion_state":0,"options":{"engine":"r","label":"data","eval":true,"include":true},"document_id":"D397EB86","chunk_id":"cxiawrynrg32i","chunk_label":"data"},{"row":99,"row_count":1,"visible":true,"expansion_state":0,"options":{"engine":"r","label":"unnamed-chunk-10"},"document_id":"D397EB86","chunk_id":"cd3pgtxnbif1q","chunk_label":"unnamed-chunk-10"},{"row":108,"row_count":1,"visible":true,"expansion_state":0,"options":{"engine":"r","label":"histgram 2","echo":false},"document_id":"D397EB86","chunk_id":"cya27enlsjet9","chunk_label":"histgram 2"}],"doc_write_time":1606397088,"chunk_rendered_width":700}