{"working_dir":null,"default_chunk_options":{"echo":true},"chunk_definitions":[{"row":17,"row_count":1,"visible":true,"expansion_state":0,"options":{"engine":"r","label":"setup","include":false},"document_id":"D287135F","chunk_id":"csetup_chunk","chunk_label":"setup"},{"row":54,"row_count":1,"visible":true,"expansion_state":0,"options":{},"document_id":"D287135F","chunk_id":"cie2ld06p5ttx","chunk_label":"example_sdtab"},{"row":94,"row_count":1,"visible":true,"expansion_state":0,"options":{},"document_id":"D287135F","chunk_id":"cfpxvytee98br","chunk_label":"example_gof_plot"},{"row":114,"row_count":1,"visible":true,"expansion_state":0,"options":{},"document_id":"D287135F","chunk_id":"cx6rjuc4butig","chunk_label":"example_geom_point"},{"row":131,"row_count":1,"visible":true,"expansion_state":0,"options":{},"document_id":"D287135F","chunk_id":"cmbvrloym8i3k","chunk_label":"example_stat_smooth"},{"row":143,"row_count":1,"visible":true,"expansion_state":0,"options":{},"document_id":"D287135F","chunk_id":"c6vyn5w6eglpt","chunk_label":"example_geom_abline"},{"row":154,"row_count":1,"visible":true,"expansion_state":0,"options":{},"document_id":"D287135F","chunk_id":"cm1fhaur5b8rg","chunk_label":"example_theme_bw"},{"row":167,"row_count":1,"visible":true,"expansion_state":0,"options":{},"document_id":"D287135F","chunk_id":"c8ea4x3aqtwsn","chunk_label":"example_gridExtra"},{"row":199,"row_count":1,"visible":true,"expansion_state":0,"options":{"engine":"r","label":"exercize-1_field","fig.height":5,"fig.width":10,"message":false},"document_id":"D287135F","chunk_id":"c8z8n71f4ilax","chunk_label":"exercize-1_field"},{"row":232,"row_count":1,"visible":true,"expansion_state":0,"options":{},"document_id":"D287135F","chunk_id":"ckd0dyux696iz","chunk_label":"exercize-1_answer"},{"row":286,"row_count":1,"visible":true,"expansion_state":0,"options":{},"document_id":"D287135F","chunk_id":"c8c2gohmrdj7u","chunk_label":"example_ggpairs"},{"row":334,"row_count":1,"visible":true,"expansion_state":0,"options":{},"document_id":"D287135F","chunk_id":"c6f4rhnsp9zcp","chunk_label":"example_ETA_vs_covariate"},{"row":392,"row_count":1,"visible":true,"expansion_state":0,"options":{},"document_id":"D287135F","chunk_id":"czr8ql7ovjf4o","chunk_label":"example_ggpairs_2"},{"row":400,"row_count":1,"visible":true,"expansion_state":0,"options":{},"document_id":"D287135F","chunk_id":"coyvd17zfttvc","chunk_label":"example_ggpairs_3"},{"row":433,"row_count":1,"visible":true,"expansion_state":0,"options":{},"document_id":"D287135F","chunk_id":"ctgsbn63reh05","chunk_label":"exercize-2_field"},{"row":460,"row_count":1,"visible":true,"expansion_state":0,"options":{},"document_id":"D287135F","chunk_id":"cwnnsat2vnq6k","chunk_label":"exercize-2_answer"},{"row":499,"row_count":1,"visible":true,"expansion_state":0,"options":{},"document_id":"D287135F","chunk_id":"cxj1hi0h6kjsu","chunk_label":"exercize-3_field"},{"row":540,"row_count":1,"visible":true,"expansion_state":0,"options":{},"document_id":"D287135F","chunk_id":"cgn9qvxkkx9zv","chunk_label":"exercize-3_answer"}],"doc_write_time":1606462009,"chunk_rendered_width":400}