"0","# パッケージ読み込み"
"0","library(dplyr)"
"0","library(tidyverse)"
"0","library(GGally)"
"0","library(knitr)"
"0",""
"0","# データ読み込み"
"0","nmdata <- read_csv(paste0(path, ""/PSP4-8-748-s012.csv""), skip = 0)"
"2","29804 parsing failures.
 row  col expected actual                                      file
5251 PANL a double      . '/cloud/project/Data/PSP4-8-748-s012.csv'
5252 PANL a double      . '/cloud/project/Data/PSP4-8-748-s012.csv'
5253 PANL a double      . '/cloud/project/Data/PSP4-8-748-s012.csv'
5254 PANL a double      . '/cloud/project/Data/PSP4-8-748-s012.csv'
5255 PANL a double      . '/cloud/project/Data/PSP4-8-748-s012.csv'
.... .... ........ ...... .........................................
See problems(...) for more details.
"
"0","# 以下にRコードを記載してください。"
"0","nmdata2 <- nmdata %>% distinct(ID, .keep_all = TRUE) %>% "
"0","   select(CRCL, AGE, MALE, HLTH) %>% "
"0","   mutate(CRCL = ifelse(CRCL < 0, NA, CRCL),"
"0","          MALE = as.factor(MALE),"
"0","          HLTH = as.factor(HLTH))"
"0",""
"0","ggpairs(data=nmdata2, aes(alpha=0.7, colour=HLTH))"
