"0","p <- ggplot(exdata %>% filter(DV > 0) %>% filter(DRUG == 1)) +"
"0","  geom_point(aes(x = PRED, y = DV), alpha = 0.75, shape = 21) +"
"0","  stat_smooth(aes(x = PRED, y = DV), linetype = ""dashed"", colour = ""red"", alpha = 0.5, se = F) +"
"0","  geom_abline(linetype = ""dashed"") +"
"0","  theme_bw(base_size = 12)"
"0","p1 <- p"
"0",""
"0","p <- ggplot(exdata %>% filter(DV > 0) %>% filter(DRUG == 1)) +"
"0","  geom_point(aes(x = IPRED, y = DV), alpha = 0.75, shape = 21) +"
"0","  stat_smooth(aes(x = IPRED, y = DV), linetype = ""dashed"", colour = ""red"", alpha = 0.5, se = F) +"
"0","  geom_abline(linetype = ""dashed"") +"
"0","  theme_bw(base_size = 12)"
"0","p2 <- p"
"0",""
"0","p <- ggplot(exdata %>% filter(DV > 0) %>% filter(DRUG == 1)) +"
"0","  geom_point(aes(x = IPRED, y = IWRES %>% abs()), alpha = 0.75, shape = 21) +"
"0","  stat_smooth(aes(x = IPRED, y = IWRES %>% abs()), linetype = ""dashed"", colour = ""red"", alpha = 0.5, se = F) +"
"0","  geom_hline(yintercept = 0, linetype = ""dashed"") +"
"0","  labs(x = ""IPRED"", y = ""|IWRES|"") +"
"0","  theme_bw(base_size = 12)"
"0","p3 <- p"
"0",""
"0","p <- ggplot(exdata %>% filter(DV > 0) %>% filter(DRUG == 1)) +"
"0","  geom_point(aes(x = TSLD, y = CWRES), alpha = 0.75, shape = 21) +"
"0","  stat_smooth(aes(x = TSLD, y = CWRES), linetype = ""dashed"", colour = ""red"", alpha = 0.5, se = F) +"
"0","  geom_hline(yintercept = 0, linetype = ""dashed"") +"
"0","  theme_bw(base_size = 12)"
"0","p4 <- p"
"0",""
"0","grid.arrange(p1, p2, p3, p4, nrow = 2)"
"0",""
