"0",""
"0","# パッケージ読み込み"
"0","library(dplyr)"
"0","library(tidyverse)"
"0","library(gridExtra)"
"0",""
"0","# データ読み込み"
"0","sdtab <- read_table(paste0(path, ""/sdtab60""), skip = 1)"
"0",""
"0","# DV vs PRED"
"0","p <- ggplot(data=sdtab %>% filter(DV > 0) %>% filter(DRUG == 1), aes(x = PRED, y = DV))"
"0","p <- p + geom_point(alpha=0.7, shape=21)"
"0","p <- p + stat_smooth(method=""loess"", linetype = ""dashed"", colour = ""red"", se = FALSE)"
"0","p <- p + geom_abline()"
"0","p <- p + theme_bw(base_size=12)"
"0","p1 <- p"
"0",""
"0","# CWRES vs TSLD"
"0","p <- ggplot(sdtab %>% filter(DV > 0) %>% filter(DRUG == 1), aes(x = TSLD, y = CWRES))"
"0","p <- p + geom_point(alpha=0.7, shape=21)"
"0","p <- p + stat_smooth(method=""loess"", linetype = ""dashed"", colour = ""red"", se = FALSE)"
"0","p <- p + geom_hline(yintercept = 0)"
"0","p <- p + theme_bw(base_size=12)"
"0","p2 <- p"
"0",""
"0","# 図をまとめて表示"
"0","grid.arrange(p1, p2, ncol=2)"
"0",""
