"0","library(knitr)"
"2","Warning messages:
"
"2","1: "
"2","In (function (file, envir = parent.frame(), verbose = FALSE)  :"
"2","
 "
"2"," input string '赤' cannot be translated to UTF-8, is it valid in 'ANSI_X3.4-1968'?
"
"2","2: "
"2","In (function (file, envir = parent.frame(), verbose = FALSE)  :"
"2","
 "
"2"," input string '黄色' cannot be translated to UTF-8, is it valid in 'ANSI_X3.4-1968'?
"
"2","3: "
"2","In (function (file, envir = parent.frame(), verbose = FALSE)  :"
"2","
 "
"2"," input string '青' cannot be translated to UTF-8, is it valid in 'ANSI_X3.4-1968'?
"
"2","4: "
"2","In (function (file, envir = parent.frame(), verbose = FALSE)  :"
"2","
 "
"2"," input string '赤' cannot be translated to UTF-8, is it valid in 'ANSI_X3.4-1968'?
"
"2","5: "
"2","In (function (file, envir = parent.frame(), verbose = FALSE)  :"
"2","
 "
"2"," input string '黄色' cannot be translated to UTF-8, is it valid in 'ANSI_X3.4-1968'?
"
"2","6: "
"2","In (function (file, envir = parent.frame(), verbose = FALSE)  :"
"2","
 "
"2"," input string '青' cannot be translated to UTF-8, is it valid in 'ANSI_X3.4-1968'?
"
"2","7: "
"2","In (function (file, envir = parent.frame(), verbose = FALSE)  :"
"2","
 "
"2"," input string '赤' cannot be translated to UTF-8, is it valid in 'ANSI_X3.4-1968'?
"
"2","8: "
"2","In (function (file, envir = parent.frame(), verbose = FALSE)  :"
"2","
 "
"2"," input string '黄色' cannot be translated to UTF-8, is it valid in 'ANSI_X3.4-1968'?
"
"2","9: "
"2","In (function (file, envir = parent.frame(), verbose = FALSE)  :"
"2","
 "
"2"," input string '青' cannot be translated to UTF-8, is it valid in 'ANSI_X3.4-1968'?
"
"0","library(tidyverse)"
"0","library(dplyr)"
"0","library(GGally)"
"0","library(gridExtra)"
"0",""
"0","path <- ""/cloud/project/Data"""
"0",""
"0","knitr::opts_chunk$set(echo = TRUE)"
