"0","cotab61 <- read_table(paste0(path, ""/cotab61""), skip = 1)"
"0","catab61 <- read_table(paste0(path, ""/catab61""), skip = 1)"
"0","patab61 <- read_table(paste0(path, ""/patab61""), skip = 1)"
"0","sdtab61 <- read_table(paste0(path, ""/sdtab61""), skip = 1)"
"0",""
"0","patab <- patab61 %>% distinct(ID, .keep_all=TRUE)"
"0","catab <- catab61 %>% distinct(ID, .keep_all=TRUE)"
"0","cotab <- cotab61 %>% distinct(ID, .keep_all=TRUE)"
"0","sdtab <- sdtab61 %>% distinct(ID, DRUG, .keep_all=TRUE)"
"0",""
"0","nmdata <- left_join(sdtab, patab, by=""ID"")"
"0","nmdata <- left_join(nmdata, catab, by=""ID"")"
"0","nmdata <- left_join(nmdata, cotab, by=""ID"")"
"0",""
"0","p <- ggplot(data=nmdata %>% filter(CRCL != -99 & DRUG == 1), aes(x=CRCL, y=ETA1))"
"0","p <- p + geom_point(alpha=0.7, shape=21)"
"0","p <- p + stat_smooth(method=""loess"", linetype = ""dashed"", colour = ""red"", se = FALSE)"
"0","p <- p + theme_bw(base_size=12)"
"0","p1 <- p"
"0",""
"0","p <- ggplot(data=nmdata %>% filter(CRCL != -99 & DRUG == 2), aes(x=WT, y=ETA6))"
"0","p <- p + geom_point(alpha=0.7, shape=21)"
"0","p <- p + stat_smooth(method=""loess"", linetype = ""dashed"", colour = ""red"", se = FALSE)"
"0","p <- p + theme_bw(base_size=12)"
"0","p2 <- p"
"0",""
"0","p <- ggplot(data=nmdata %>% filter(CRCL != -99 & DRUG == 2), aes(x=factor(HLTH), y=ETA7))"
"0","p <- p + geom_boxplot(alpha=0.7, shape=21)"
"0","p <- p + geom_hline(yintercept=0, linetype=""dashed"")"
"0","p <- p + theme_bw(base_size=12)"
"0","p3 <- p"
"0",""
"0","grid.arrange(p1, p2, p3, ncol=3)"
"0",""
